Workbook
Name B0__adatok_excel_fájljának_neve: "BPI_adatok.xlsx"
Name B0__adatok_munkafüzetének_neve: "List1"
Name B0__adatokban_oszlopneve_a_kávé_értékesítéseknek: "Kávé darabszám"
Name B0__adatokban_oszlopneve_a_sém_kódoknak: "Sém Kód"
Name B0__adatokban_oszlopneve_az_azonosítóknak: "Kút Kód"
Name B0__sorának_száma_a_fejléceknek: 1
Name D1__adatok_munkafüzetének_referenciája: "["&B0__adatok_excel_fájljának_neve&"]"&B0__adatok_munkafüzetének_neve
Name D1__adatokban_fejlécek_tartománya: B0__sorának_száma_a_fejléceknek&":"&B0__sorának_száma_a_fejléceknek
Name D2__adatokban_címe_a_fejlécekben_a_kávé_értékesítések_cellájának: ADDRESS(B0__sorának_száma_a_fejléceknek,MATCH(B0__adatokban_oszlopneve_a_kávé_értékesítéseknek,INDIRECT(D1__adatok_munkafüzetének_referenciája&"!"&D1__adatokban_fejlécek_tartománya),0))
Name D2__adatokban_címe_a_fejlécekben_az_azonosítók_cellájának: ADDRESS(B0__sorának_száma_a_fejléceknek,MATCH(B0__adatokban_oszlopneve_az_azonosítóknak,INDIRECT(D1__adatok_munkafüzetének_referenciája&"!"&D1__adatokban_fejlécek_tartománya),0))
Name D3__adatokban_oszlopának_neve_a_kávé_értékesítéseknek: CHAR(COLUMN(INDIRECT(D2__adatokban_címe_a_fejlécekben_a_kávé_értékesítések_cellájának))+64)
Name D3__oszlopának_neve_az_azonosítóknak: CHAR(COLUMN(INDIRECT(D2__adatokban_címe_a_fejlécekben_az_azonosítók_cellájának))+64)
Name fejlécek_sora: INDIRECT(INDIRECT(B0__adatok_excel_fájljának_neve))
Name gastro_selejtszám_oszlop: [1]List1!$F$2:$F$379
Name hot_dog_on_guidance_oszlop: [1]List1!#REF!
Name kávé_darabszám_oszlop: [1]List1!$G$2:$G$379
Name kávé_hot_dog_szendvics_pizza_wrap_sémKód_oszlopa: '[2]Forgalom és raktárkészlet'!$J$5:$J$1181
Name Kút_kategóriája: _xlfn.XLOOKUP('SÉM-Riport'!Kútkód,'Data 2024'!$B$2:$B$380,'Data 2024'!$D$2:$D$380)
Name Kút_kategóriája: _xlfn.XLOOKUP(Riport!Kútkód,'Data 2024'!$A$2:$A$380,'Data 2024'!$D$2:$D$380)
Name Kútkód: Riport!$C$1
Name Kútkód: 'SÉM-Riport'!$C$1
Name kútkód_oszlop: [1]List1!#REF!
Name pizza_darabszám_oszlop: [1]List1!$L$2:$L$379
Name sandwich_planner_on_guidance_oszlop: [1]List1!#REF!
Name SÉM: #REF!
Name sémkód_oszlop: [1]List1!#REF!
Name sorok_száma_az_adatokban: MAX(ROW(Riport!XFB:XFB)*(Riport!XFB:XFB<>""))
Name sorok_száma_az_adatokban: MAX(ROW('SÉM-Riport'!XFB:XFB)*('SÉM-Riport'!XFB:XFB<>""))
Name sorok_száma_az_adatokban: MAX(ROW(#REF!)*(#REF!<>""))

Sheet Data 2024
A1: Service Enabling System Code | B1: X Code | C1: Address | D1: Region | E1: Total Units Sold | F1: Coffee Units Sold | G1: Sandwich Units Sold | H1: Hot-Dog Units Sold | I1: Coffee Relative Sales to Gastro | J1: Sandwich Relative Sales to Gastro | K1: Hot-Dog Relative Sales to Gastro | L1: Gastro Net Waste | M1: Gastro Net Sales | N1: Drygoods Net Waste | O1: Drygoods Net Sales | P1: Gastro Relative Waste to Total Sales | Q1: Drygoods Relative Waste to Total Sales
A2: 2476400 | B2: 422914 | C2: Address 1 | D2: Region 1 | E2: 255272 | F2: 18814 | G2: 0 | H2: 24863 | I2: =F2/$E2 -> 0.073701777 | J2: =G2/$E2 -> 0 | K2: =H2/$E2 -> 0.09739807 | L2: -1091068.3 | M2: 16679164 | N2: -2078001.3 | O2: 56179730 | P2: =ABS(L2/M2) -> 0.065415045 | Q2: =ABS(N2/O2) -> 0.036988452
A3: 2479700 | B3: 298881 | C3: Address 2 | D3: Region 2 | E3: 244384 | F3: 16188 | G3: 3418 | H3: 19772 | I3: =F3/$E3 -> 0.066240016 | J3: =G3/$E3 -> 0.013986186 | K3: =H3/$E3 -> 0.08090546 | L3: -3053288.9 | M3: 15194092 | N3: -2105215.2 | O3: 36784412 | P3: =ABS(L3/M3) -> 0.20095238 | Q3: =ABS(N3/O3) -> 0.057231177
A4: 2496700 | B4: 683860 | C4: Address 3 | D4: Region 1 | E4: 167983 | F4: 18596 | G4: 2996 | H4: 18127 | I4: =F4/$E4 -> 0.11070168 | J4: =G4/$E4 -> 0.017835138 | K4: =H4/$E4 -> 0.10790973 | L4: -957793.15 | M4: 13535084 | N4: -990494.97 | O4: 20315551 | P4: =ABS(L4/M4) -> 0.070763737 | Q4: =ABS(N4/O4) -> 0.048755506
A5: 2506300 | B5: 538107 | C5: Address 4 | D5: Region 2 | E5: 190045 | F5: 22606 | G5: 4308 | H5: 22402 | I5: =F5/$E5 -> 0.11895077 | J5: =G5/$E5 -> 0.022668315 | K5: =H5/$E5 -> 0.11787734 | L5: -3456817.2 | M5: 25635737 | N5: -1282625.4 | O5: 56812064 | P5: =ABS(L5/M5) -> 0.13484369 | Q5: =ABS(N5/O5) -> 0.022576637
A6: 2515100 | B6: 460794 | C6: Address 5 | D6: Region 2 | E6: 196344 | F6: 24361 | G6: 6556 | H6: 21812 | I6: =F6/$E6 -> 0.12407306 | J6: =G6/$E6 -> 0.033390376 | K6: =H6/$E6 -> 0.11109074 | L6: -2972137.6 | M6: 21890238 | N6: -934213.46 | O6: 28602301 | P6: =ABS(L6/M6) -> 0.13577457 | Q6: =ABS(N6/O6) -> 0.032662179
A7: 2526600 | B7: 941576 | C7: Address 6 | D7: Region 1 | E7: 109413 | F7: 11289 | G7: 1271 | H7: 16230 | I7: =F7/$E7 -> 0.10317787 | J7: =G7/$E7 -> 0.011616536 | K7: =H7/$E7 -> 0.14833703 | L7: -1658093.2 | M7: 11554653 | N7: -1982775.3 | O7: 15517225 | P7: =ABS(L7/M7) -> 0.14350004 | Q7: =ABS(N7/O7) -> 0.12777899
A8: 2551300 | B8: 503516 | C8: Address 7 | D8: Region 1 | E8: 165545 | F8: 14211 | G8: 2134 | H8: 21503 | I8: =F8/$E8 -> 0.085843728 | J8: =G8/$E8 -> 0.012890755 | K8: =H8/$E8 -> 0.12989217 | L8: -1736038.6 | M8: 15473643 | N8: -2103475 | O8: 23506256 | P8: =ABS(L8/M8) -> 0.11219327 | Q8: =ABS(N8/O8) -> 0.089485755
A9: 2553500 | B9: 391003 | C9: Address 8 | D9: Region 2 | E9: 158937 | F9: 13019 | G9: 3228 | H9: 18536 | I9: =F9/$E9 -> 0.081912959 | J9: =G9/$E9 -> 0.020309934 | K9: =H9/$E9 -> 0.11662483 | L9: -3816889.9 | M9: 14217567 | N9: -1896213 | O9: 16230914 | P9: =ABS(L9/M9) -> 0.26846294 | Q9: =ABS(N9/O9) -> 0.11682724
A10: 2555200 | B10: 702455 | C10: Address 9 | D10: Region 2 | E10: 195575 | F10: 20767 | G10: 5136 | H10: 27254 | I10: =F10/$E10 -> 0.10618433 | J10: =G10/$E10 -> 0.026261025 | K10: =H10/$E10 -> 0.13935319 | L10: -3685698.1 | M10: 23398510 | N10: -5039521.2 | O10: 32866387 | P10: =ABS(L10/M10) -> 0.1575185 | Q10: =ABS(N10/O10) -> 0.15333359
A11: 2581500 | B11: 296777 | C11: Address 10 | D11: Region 2 | E11: 365322 | F11: 39189 | G11: 7651 | H11: 60242 | I11: =F11/$E11 -> 0.10727249 | J11: =G11/$E11 -> 0.020943168 | K11: =H11/$E11 -> 0.1649011 | L11: -3266907 | M11: 46428658 | N11: -2566190 | O11: 84220818 | P11: =ABS(L11/M11) -> 0.070364019 | Q11: =ABS(N11/O11) -> 0.030469782
A12: 2582200 | B12: 560301 | C12: Address 11 | D12: Region 1 | E12: 165464 | F12: 15304 | G12: 2903 | H12: 24544 | I12: =F12/$E12 -> 0.092491418 | J12: =G12/$E12 -> 0.017544602 | K12: =H12/$E12 -> 0.14833438 | L12: -1853174.9 | M12: 18000214 | N12: -1767937.8 | O12: 33188290 | P12: =ABS(L12/M12) -> 0.10295294 | Q12: =ABS(N12/O12) -> 0.053269927
A13: 2583300 | B13: 1107718 | C13: Address 12 | D13: Region 12 | E13: 98824 | F13: 11025 | G13: 0 | H13: 2282 | I13: =F13/$E13 -> 0.11156197 | J13: =G13/$E13 -> 0 | K13: =H13/$E13 -> 0.023091557 | L13: -129813.16 | M13: 3415142.1 | N13: -929459.53 | O13: 44295672 | P13: =ABS(L13/M13) -> 0.038011057 | Q13: =ABS(N13/O13) -> 0.020983078
... A22: 2608800 | B22: 273444 | C22: Address 21 | D22: Region 1 | E22: 281843 | F22: 23801 | G22: 4652 | H22: 36864 | I22: =F22/$E22 -> 0.084447724 | J22: =G22/$E22 -> 0.016505643 | K22: =H22/$E22 -> 0.13079622 | L22: -1342212.7 | M22: 28357226 | N22: -403957.39 | O22: 57317938 | P22: =ABS(L22/M22) -> 0.047332301 | Q22: =ABS(N22/O22) -> 0.0070476609
A23: 2609900 | B23: 443514 | C23: Address 22 | D23: Region 12 | E23: 56408 | F23: 4068 | G23: 0 | H23: 0 | I23: =F23/$E23 -> 0.07211743 | J23: =G23/$E23 -> 0 | K23: =H23/$E23 -> 0 | L23: -30476.378 | M23: 263.9147 | N23: -1098904.8 | O23: 10885054 | P23: 0 | Q23: =ABS(N23/O23) -> 0.10095538
A24: 2611000 | B24: 258664 | C24: Address 23 | D24: Region 1 | E24: 129735 | F24: 9138 | G24: 0 | H24: 15327 | I24: =F24/$E24 -> 0.070435889 | J24: =G24/$E24 -> 0 | K24: =H24/$E24 -> 0.11814083 | L24: -836128.93 | M24: 9599290.7 | N24: -1800017.5 | O24: 18349135 | P24: =ABS(L24/M24) -> 0.087103199 | Q24: =ABS(N24/O24) -> 0.098098219
A25: 2613200 | B25: 1038760 | C25: Address 24 | D25: Region 2 | E25: 294137 | F25: 37204 | G25: 14171 | H25: 40189 | I25: =F25/$E25 -> 0.12648528 | J25: =G25/$E25 -> 0.04817823 | K25: =H25/$E25 -> 0.13663361 | L25: -4257591.7 | M25: 38644234 | N25: -1606088.7 | O25: 52974539 | P25: =ABS(L25/M25) -> 0.11017405 | Q25: =ABS(N25/O25) -> 0.030318125
A26: 2614300 | B26: 812609 | C26: Address 25 | D26: Region 2 | E26: 201032 | F26: 22647 | G26: 5085 | H26: 26281 | I26: =F26/$E26 -> 0.11265371 | J26: =G26/$E26 -> 0.02529448 | K26: =H26/$E26 -> 0.13073043 | L26: -2141905.8 | M26: 19539548 | N26: -1278065.7 | O26: 24074012 | P26: =ABS(L26/M26) -> 0.109619 | Q26: =ABS(N26/O26) -> 0.05308902
A27: 2615500 | B27: 287945 | C27: Address 26 | D27: Region 1 | E27: 131767 | F27: 13228 | G27: 957 | H27: 16296 | I27: =F27/$E27 -> 0.10038932 | J27: =G27/$E27 -> 0.00726282 | K27: =H27/$E27 -> 0.12367285 | L27: -1270189.8 | M27: 10814729 | N27: -1287626.6 | O27: 20849030 | P27: =ABS(L27/M27) -> 0.11744999 | Q27: =ABS(N27/O27) -> 0.061759543
A28: 2616200 | B28: 526743 | C28: Address 27 | D28: Region 2 | E28: 226465 | F28: 20698 | G28: 4851 | H28: 25823 | I28: =F28/$E28 -> 0.091396021 | J28: =G28/$E28 -> 0.021420529 | K28: =H28/$E28 -> 0.11402645 | L28: -3133117.3 | M28: 22037959 | N28: -822527.73 | O28: 23800167 | P28: =ABS(L28/M28) -> 0.14216912 | Q28: =ABS(N28/O28) -> 0.034559746
A29: 2618400 | B29: 277804 | C29: Address 28 | D29: Region 2 | E29: 237808 | F29: 17253 | G29: 2900 | H29: 19476 | I29: =F29/$E29 -> 0.072550124 | J29: =G29/$E29 -> 0.012194712 | K29: =H29/$E29 -> 0.081898002 | L29: -3129523.2 | M29: 14946273 | N29: -938458.59 | O29: 24642874 | P29: =ABS(L29/M29) -> 0.20938486 | Q29: =ABS(N29/O29) -> 0.038082351
A30: 2621700 | B30: 659558 | C30: Address 29 | D30: Region 2 | E30: 123287 | F30: 16754 | G30: 5119 | H30: 19738 | I30: =F30/$E30 -> 0.1358943 | J30: =G30/$E30 -> 0.041521004 | K30: =H30/$E30 -> 0.16009798 | L30: -2605326.9 | M30: 17403500 | N30: -1770350 | O30: 22703154 | P30: =ABS(L30/M30) -> 0.14970132 | Q30: =ABS(N30/O30) -> 0.077978154
A31: 2622800 | B31: 608420 | C31: Address 30 | D31: Region 1 | E31: 176568 | F31: 15807 | G31: 1442 | H31: 26902 | I31: =F31/$E31 -> 0.089523583 | J31: =G31/$E31 -> 0.0081668252 | K31: =H31/$E31 -> 0.15236056 | L31: -1244280.7 | M31: 17487395 | N31: -575514.27 | O31: 39914422 | P31: =ABS(L31/M31) -> 0.071153005 | Q31: =ABS(N31/O31) -> 0.014418705
A32: 2629100 | B32: 322866 | C32: Address 31 | D32: Region 1 | E32: 207747 | F32: 16935 | G32: 2182 | H32: 26005 | I32: =F32/$E32 -> 0.081517423 | J32: =G32/$E32 -> 0.01050316 | K32: =H32/$E32 -> 0.1251763 | L32: -1080559.9 | M32: 17787341 | N32: -1729608.8 | O32: 23774287 | P32: =ABS(L32/M32) -> 0.060748816 | Q32: =ABS(N32/O32) -> 0.072751238
A33: 2631200 | B33: 1124162 | C33: Address 32 | D33: Region 1 | E33: 150934 | F33: 11525 | G33: 860 | H33: 14879 | I33: =F33/$E33 -> 0.076357878 | J33: =G33/$E33 -> 0.0056978547 | K33: =H33/$E33 -> 0.098579512 | L33: -1114963.9 | M33: 9779588.6 | N33: -850221.81 | O33: 19309052 | P33: =ABS(L33/M33) -> 0.11400928 | Q33: =ABS(N33/O33) -> 0.044032293
A34: 3080400 | B34: 989631 | C34: Address 33 | D34: Region 1 | E34: 242867 | F34: 28374 | G34: 3096 | H34: 35760 | I34: =F34/$E34 -> 0.11682938 | J34: =G34/$E34 -> 0.012747718 | K34: =H34/$E34 -> 0.14724108 | L34: -1382672.3 | M34: 24757223 | N34: -973364.13 | O34: 25159068 | P34: =ABS(L34/M34) -> 0.055849248 | Q34: =ABS(N34/O34) -> 0.038688401
A35: 3085200 | B35: 614538 | C35: Address 34 | D35: Region 2 | E35: 318407 | F35: 36672 | G35: 6731 | H35: 52760 | I35: =F35/$E35 -> 0.11517335 | J35: =G35/$E35 -> 0.021139611 | K35: =H35/$E35 -> 0.16569987 | L35: -2568420.7 | M35: 44152536 | N35: -1843153.3 | O35: 57572533 | P35: =ABS(L35/M35) -> 0.058171532 | Q35: =ABS(N35/O35) -> 0.032014456
... A62: 3188500 | B62: 666163 | C62: Address 61 | D62: Region 2 | E62: 256722 | F62: 22910 | G62: 4877 | H62: 24986 | I62: =F62/$E62 -> 0.089240501 | J62: =G62/$E62 -> 0.018997203 | K62: =H62/$E62 -> 0.09732707 | L62: -2771370.1 | M62: 22432892 | N62: -1381547 | O62: 35153150 | P62: =ABS(L62/M62) -> 0.12354047 | Q62: =ABS(N62/O62) -> 0.039300803
A63: 3189200 | B63: 398761 | C63: Address 62 | D63: Region 12 | E63: 95153 | F63: 4186 | G63: 0 | H63: 0 | I63: =F63/$E63 -> 0.043992307 | J63: =G63/$E63 -> 0 | K63: =H63/$E63 -> 0 | L63: 0 | M63: 0 | N63: -99576.465 | O63: 8535178.8 | P63: 0 | Q63: =ABS(N63/O63) -> 0.011666594
A64: 3190300 | B64: 1070285 | C64: Address 63 | D64: Region 12 | E64: 172865 | F64: 8735 | G64: 0 | H64: 10095 | I64: =F64/$E64 -> 0.050530761 | J64: =G64/$E64 -> 0 | K64: =H64/$E64 -> 0.058398172 | L64: -1193886.2 | M64: 5726509.6 | N64: -1181874.2 | O64: 13651994 | P64: =ABS(L64/M64) -> 0.20848409 | Q64: =ABS(N64/O64) -> 0.086571547
A65: 3193600 | B65: 779616 | C65: Address 64 | D65: Region 2 | E65: 241807 | F65: 26355 | G65: 7615 | H65: 32272 | I65: =F65/$E65 -> 0.10899188 | J65: =G65/$E65 -> 0.031492058 | K65: =H65/$E65 -> 0.13346181 | L65: -3190636.7 | M65: 30062035 | N65: -950546.55 | O65: 44498612 | P65: =ABS(L65/M65) -> 0.10613509 | Q65: =ABS(N65/O65) -> 0.021361263
A66: 3194700 | B66: 1025069 | C66: Address 65 | D66: Region 2 | E66: 262519 | F66: 61628.003 | G66: 13687 | H66: 39725 | I66: =F66/$E66 -> 0.23475635 | J66: =G66/$E66 -> 0.052137179 | K66: =H66/$E66 -> 0.15132238 | L66: -3231754.6 | M66: 46718067 | N66: -685198.52 | O66: 1.038243e+08 | P66: =ABS(L66/M66) -> 0.069175692 | Q66: =ABS(N66/O66) -> 0.0065995969
A67: 3195200 | B67: 1011896 | C67: Address 66 | D67: Region 1 | E67: 412063 | F67: 79478 | G67: 9853 | H67: 87417 | I67: =F67/$E67 -> 0.19287827 | J67: =G67/$E67 -> 0.023911392 | K67: =H67/$E67 -> 0.21214474 | L67: -2332404.7 | M67: 78396546 | N67: -1672258.1 | O67: 1.6212354e+08 | P67: =ABS(L67/M67) -> 0.029751371 | Q67: =ABS(N67/O67) -> 0.010314714
A68: 3196200 | B68: 767279 | C68: Address 67 | D68: Region 1 | E68: 424107 | F68: 82330 | G68: 9115 | H68: 91930 | I68: =F68/$E68 -> 0.19412554 | J68: =G68/$E68 -> 0.021492218 | K68: =H68/$E68 -> 0.21676134 | L68: -2688633 | M68: 75223120 | N68: -2118879.2 | O68: 1.7992181e+08 | P68: =ABS(L68/M68) -> 0.035742109 | Q68: =ABS(N68/O68) -> 0.011776667
A69: 3196600 | B69: 549712 | C69: Address 68 | D69: Region 2 | E69: 300933 | F69: 28596 | G69: 6744 | H69: 30901 | I69: =F69/$E69 -> 0.095024474 | J69: =G69/$E69 -> 0.022410304 | K69: =H69/$E69 -> 0.10268399 | L69: -2992031.7 | M69: 27322442 | N69: -1169248.7 | O69: 27903236 | P69: =ABS(L69/M69) -> 0.10950821 | Q69: =ABS(N69/O69) -> 0.041903694
A70: 3197700 | B70: 859965 | C70: Address 69 | D70: Region 2 | E70: 241283 | F70: 24868 | G70: 6177 | H70: 25730 | I70: =F70/$E70 -> 0.10306569 | J70: =G70/$E70 -> 0.025600643 | K70: =H70/$E70 -> 0.10663826 | L70: -4579684.5 | M70: 23553681 | N70: -3639202.6 | O70: 27443567 | P70: =ABS(L70/M70) -> 0.19443605 | Q70: =ABS(N70/O70) -> 0.13260676
A71: 3199900 | B71: 416348 | C71: Address 70 | D71: Region 1 | E71: 173454 | F71: 12601 | G71: 834 | H71: 17057 | I71: =F71/$E71 -> 0.072647503 | J71: =G71/$E71 -> 0.0048081912 | K71: =H71/$E71 -> 0.098337311 | L71: -1631088.8 | M71: 12790023 | N71: -2341587.7 | O71: 26311377 | P71: =ABS(L71/M71) -> 0.12752821 | Q71: =ABS(N71/O71) -> 0.088995255
A72: 3201000 | B72: 1050300 | C72: Address 71 | D72: Region 1 | E72: 255968 | F72: 18942 | G72: 2446 | H72: 26942 | I72: =F72/$E72 -> 0.074001438 | J72: =G72/$E72 -> 0.009555882 | K72: =H72/$E72 -> 0.10525534 | L72: -1796644.9 | M72: 20598139 | N72: -1206437.3 | O72: 34564965 | P72: =ABS(L72/M72) -> 0.087223649 | Q72: =ABS(N72/O72) -> 0.034903473
A73: 3202100 | B73: 271054 | C73: Address 72 | D73: Region 12 | E73: 122475 | F73: 6182 | G73: 0 | H73: 7711 | I73: =F73/$E73 -> 0.050475607 | J73: =G73/$E73 -> 0 | K73: =H73/$E73 -> 0.062959788 | L73: -934889.22 | M73: 5319872.5 | N73: -843959.3 | O73: 10457335 | P73: =ABS(L73/M73) -> 0.17573527 | Q73: =ABS(N73/O73) -> 0.080705009
A74: 3203200 | B74: 892017 | C74: Address 73 | D74: Region 12 | E74: 68655 | F74: 12153 | G74: 0 | H74: 6756 | I74: =F74/$E74 -> 0.17701551 | J74: =G74/$E74 -> 0 | K74: =H74/$E74 -> 0.098405069 | L74: -598992.11 | M74: 4958444.5 | N74: -748274.28 | O74: 21810644 | P74: =ABS(L74/M74) -> 0.12080242 | Q74: =ABS(N74/O74) -> 0.034307758
A75: 3205500 | B75: 608297 | C75: Address 74 | D75: Region 2 | E75: 287461 | F75: 33616 | G75: 6034 | H75: 29410 | I75: =F75/$E75 -> 0.11694108 | J75: =G75/$E75 -> 0.020990674 | K75: =H75/$E75 -> 0.10230953 | L75: -2490451 | M75: 24466816 | N75: -616337.03 | O75: 27477281 | P75: =ABS(L75/M75) -> 0.10178893 | Q75: =ABS(N75/O75) -> 0.022430787
... A110: 3697500 | B110: 858299 | C110: Address 109 | D110: Region 2 | E110: 246372 | F110: 35912 | G110: 4901 | H110: 29852 | I110: =F110/$E110 -> 0.14576332 | J110: =G110/$E110 -> 0.019892683 | K110: =H110/$E110 -> 0.12116637 | L110: -3391320.1 | M110: 27315547 | N110: -2009951.2 | O110: 37045652 | P110: =ABS(L110/M110) -> 0.12415347 | Q110: =ABS(N110/O110) -> 0.054256064
A111: 3698200 | B111: 1089281 | C111: Address 110 | D111: Region 12 | E111: 228970 | F111: 15997 | G111: 0 | H111: 0 | I111: =F111/$E111 -> 0.069865048 | J111: =G111/$E111 -> 0 | K111: =H111/$E111 -> 0 | L111: -276784.52 | M111: 77182.21 | N111: -845558.39 | O111: 41416070 | P111: 0 | Q111: =ABS(N111/O111) -> 0.020416191
A112: 3699300 | B112: 552516 | C112: Address 111 | D112: Region 1 | E112: 241107 | F112: 25836 | G112: 3000 | H112: 31622 | I112: =F112/$E112 -> 0.10715574 | J112: =G112/$E112 -> 0.012442608 | K112: =H112/$E112 -> 0.13115339 | L112: -2511816.3 | M112: 23816516 | N112: -2484821.6 | O112: 27318341 | P112: =ABS(L112/M112) -> 0.10546531 | Q112: =ABS(N112/O112) -> 0.090957999
A113: 3777500 | B113: 860160 | C113: Address 112 | D113: Region 2 | E113: 195337 | F113: 26428 | G113: 5602 | H113: 19399 | I113: =F113/$E113 -> 0.13529439 | J113: =G113/$E113 -> 0.028678643 | K113: =H113/$E113 -> 0.099310422 | L113: -3109479.8 | M113: 18883187 | N113: -884538.04 | O113: 25925852 | P113: =ABS(L113/M113) -> 0.16466923 | Q113: =ABS(N113/O113) -> 0.034117994
A114: 3780400 | B114: 240005 | C114: Address 113 | D114: Region 2 | E114: 144627 | F114: 26530 | G114: 4634 | H114: 20395 | I114: =F114/$E114 -> 0.18343739 | J114: =G114/$E114 -> 0.032041044 | K114: =H114/$E114 -> 0.14101793 | L114: -3335076.1 | M114: 16502773 | N114: -1419939.3 | O114: 20912479 | P114: =ABS(L114/M114) -> 0.20209186 | Q114: =ABS(N114/O114) -> 0.067899139
A115: 3784800 | B115: 638041 | C115: Address 114 | D115: Region 2 | E115: 164646 | F115: 20201 | G115: 2809 | H115: 17669 | I115: =F115/$E115 -> 0.12269354 | J115: =G115/$E115 -> 0.017060846 | K115: =H115/$E115 -> 0.10731509 | L115: -2762694.8 | M115: 13410402 | N115: -884867.75 | O115: 15117675 | P115: =ABS(L115/M115) -> 0.20601132 | Q115: =ABS(N115/O115) -> 0.058531999
A116: 3791100 | B116: 279874 | C116: Address 115 | D116: Region 2 | E116: 197309 | F116: 41817 | G116: 6972 | H116: 31863 | I116: =F116/$E116 -> 0.21193661 | J116: =G116/$E116 -> 0.035335438 | K116: =H116/$E116 -> 0.16148782 | L116: -2693430.9 | M116: 28275122 | N116: -226569.72 | O116: 37683817 | P116: =ABS(L116/M116) -> 0.095257978 | Q116: =ABS(N116/O116) -> 0.0060123879
A117: 3791500 | B117: 489783 | C117: Address 116 | D117: Region 12 | E117: 83349 | F117: 3567 | G117: 0 | H117: 0 | I117: =F117/$E117 -> 0.042795954 | J117: =G117/$E117 -> 0 | K117: =H117/$E117 -> 0 | L117: 0 | M117: 0 | N117: -100750.97 | O117: 13264099 | P117: 0 | Q117: =ABS(N117/O117) -> 0.0075957643
A118: 3792200 | B118: 666172 | C118: Address 117 | D118: Region 1 | E118: 185693 | F118: 24643 | G118: 1024 | H118: 15810 | I118: =F118/$E118 -> 0.13270829 | J118: =G118/$E118 -> 0.0055144782 | K118: =H118/$E118 -> 0.085140528 | L118: -1951448.3 | M118: 10184621 | N118: -1275624.4 | O118: 18476991 | P118: =ABS(L118/M118) -> 0.19160735 | Q118: =ABS(N118/O118) -> 0.069038537
A119: 3795200 | B119: 575966 | C119: Address 118 | D119: Region 12 | E119: 136504 | F119: 6583 | G119: 0 | H119: 9606 | I119: =F119/$E119 -> 0.048225693 | J119: =G119/$E119 -> 0 | K119: =H119/$E119 -> 0.070371564 | L119: -1162461.9 | M119: 6202984.1 | N119: -749296.46 | O119: 13058773 | P119: =ABS(L119/M119) -> 0.18740366 | Q119: =ABS(N119/O119) -> 0.05737878
A120: 3801800 | B120: 245017 | C120: Address 119 | D120: Region 2 | E120: 415511 | F120: 71462.999 | G120: 12634.999 | H120: 52166 | I120: =F120/$E120 -> 0.17198822 | J120: =G120/$E120 -> 0.030408338 | K120: =H120/$E120 -> 0.12554662 | L120: -4047322.5 | M120: 47548653 | N120: -1138296.9 | O120: 84573356 | P120: =ABS(L120/M120) -> 0.085119604 | Q120: =ABS(N120/O120) -> 0.013459285
A121: 3805100 | B121: 959473 | C121: Address 120 | D121: Region 1 | E121: 81550 | F121: 26347 | G121: 0 | H121: 13575 | I121: =F121/$E121 -> 0.32307787 | J121: =G121/$E121 -> 0 | K121: =H121/$E121 -> 0.16646229 | L121: -1807896.2 | M121: 8991559.6 | N121: -2441425 | O121: 18837741 | P121: =ABS(L121/M121) -> 0.20106592 | Q121: =ABS(N121/O121) -> 0.12960285
A122: 3877400 | B122: 1028681 | C122: Address 121 | D122: Region 1 | E122: 100783 | F122: 27629 | G122: 0 | H122: 16243 | I122: =F122/$E122 -> 0.27414346 | J122: =G122/$E122 -> 0 | K122: =H122/$E122 -> 0.16116805 | L122: -946977.94 | M122: 11809695 | N122: -1171312.8 | O122: 29975370 | P122: =ABS(L122/M122) -> 0.080186482 | Q122: =ABS(N122/O122) -> 0.039075843
A123: 3878500 | B123: 542232 | C123: Address 122 | D123: Region 2 | E123: 214347 | F123: 61323 | G123: 11745 | H123: 48144 | I123: =F123/$E123 -> 0.28609218 | J123: =G123/$E123 -> 0.054794329 | K123: =H123/$E123 -> 0.22460776 | L123: -4030879.6 | M123: 44547008 | N123: -718433.97 | O123: 60901874 | P123: =ABS(L123/M123) -> 0.090485977 | Q123: =ABS(N123/O123) -> 0.011796582
A124: 3880700 | B124: 701353 | C124: Address 123 | D124: Region 2 | E124: 249480 | F124: 45602 | G124: 4256 | H124: 44401 | I124: =F124/$E124 -> 0.1827882 | J124: =G124/$E124 -> 0.017059484 | K124: =H124/$E124 -> 0.17797419 | L124: -2209974.7 | M124: 34349986 | N124: -1436435.2 | O124: 61361520 | P124: =ABS(L124/M124) -> 0.064336989 | Q124: =ABS(N124/O124) -> 0.02340938
A125: 3882900 | B125: 726772 | C125: Address 124 | D125: Region 2 | E125: 264525 | F125: 50587 | G125: 9208 | H125: 56687 | I125: =F125/$E125 -> 0.19123712 | J125: =G125/$E125 -> 0.034809564 | K125: =H125/$E125 -> 0.21429733 | L125: -3869700.1 | M125: 48724785 | N125: -1352134.7 | O125: 75714930 | P125: =ABS(L125/M125) -> 0.079419542 | Q125: =ABS(N125/O125) -> 0.017858231
A126: 3887000 | B126: 266328 | C126: Address 125 | D126: Region 12 | E126: 168441 | F126: 15108 | G126: 0 | H126: 14128 | I126: =F126/$E126 -> 0.089693127 | J126: =G126/$E126 -> 0 | K126: =H126/$E126 -> 0.083875066 | L126: -708139.18 | M126: 7924074.6 | N126: -345298.93 | O126: 24725394 | P126: =ABS(L126/M126) -> 0.089365536 | Q126: =ABS(N126/O126) -> 0.013965356
A127: 3892500 | B127: 726064 | C127: Address 126 | D127: Region 1 | E127: 149218 | F127: 30768 | G127: 4249 | H127: 28501 | I127: =F127/$E127 -> 0.20619496 | J127: =G127/$E127 -> 0.028475117 | K127: =H127/$E127 -> 0.19100243 | L127: -1408696.8 | M127: 21271245 | N127: -324720.93 | O127: 43067651 | P127: =ABS(L127/M127) -> 0.066225405 | Q127: =ABS(N127/O127) -> 0.0075397874
A128: 3894700 | B128: 355932 | C128: Address 127 | D128: Region 12 | E128: 82107 | F128: 3874 | G128: 0 | H128: 0 | I128: =F128/$E128 -> 0.047182335 | J128: =G128/$E128 -> 0 | K128: =H128/$E128 -> 0 | L128: -2998.7509 | M128: 0 | N128: -140366.64 | O128: 7164643.8 | P128: 0 | Q128: =ABS(N128/O128) -> 0.019591572
A129: 3898800 | B129: 562989 | C129: Address 128 | D129: Region 12 | E129: 69680 | F129: 2800 | G129: 0 | H129: 0 | I129: =F129/$E129 -> 0.040183697 | J129: =G129/$E129 -> 0 | K129: =H129/$E129 -> 0 | L129: 0 | M129: 0 | N129: -127390.94 | O129: 5099610.2 | P129: 0 | Q129: =ABS(N129/O129) -> 0.024980526
A130: 3899900 | B130: 569320 | C130: Address 129 | D130: Region 2 | E130: 210094 | F130: 43390 | G130: 6761 | H130: 20935 | I130: =F130/$E130 -> 0.2065266 | J130: =G130/$E130 -> 0.032180833 | K130: =H130/$E130 -> 0.099645873 | L130: -3466414.4 | M130: 20723798 | N130: -1086665.3 | O130: 36472018 | P130: =ABS(L130/M130) -> 0.16726733 | Q130: =ABS(N130/O130) -> 0.029794494
A131: 3903200 | B131: 1078346 | C131: Address 130 | D131: Region 12 | E131: 91918 | F131: 7170 | G131: 0 | H131: 7805 | I131: =F131/$E131 -> 0.078004308 | J131: =G131/$E131 -> 0 | K131: =H131/$E131 -> 0.08491264 | L131: -1005241.1 | M131: 5173401.7 | N131: -781391.44 | O131: 8385026.1 | P131: =ABS(L131/M131) -> 0.1943095 | Q131: =ABS(N131/O131) -> 0.09318891
A132: 3904300 | B132: 608844 | C132: Address 131 | D132: Region 1 | E132: 217339 | F132: 35228 | G132: 4276 | H132: 32643 | I132: =F132/$E132 -> 0.1620878 | J132: =G132/$E132 -> 0.019674334 | K132: =H132/$E132 -> 0.15019394 | L132: -1811243.9 | M132: 26430724 | N132: -629846.55 | O132: 34348499 | P132: =ABS(L132/M132) -> 0.068527972 | Q132: =ABS(N132/O132) -> 0.018336945
A133: 3907300 | B133: 542989 | C133: Address 132 | D133: Region 1 | E133: 200374 | F133: 36656 | G133: 2086 | H133: 27985 | I133: =F133/$E133 -> 0.18293791 | J133: =G133/$E133 -> 0.010410532 | K133: =H133/$E133 -> 0.13966383 | L133: -2214104 | M133: 19452294 | N133: -788931.69 | O133: 37745265 | P133: =ABS(L133/M133) -> 0.11382225 | Q133: =ABS(N133/O133) -> 0.020901475
A134: 3908400 | B134: 469399 | C134: Address 133 | D134: Region 1 | E134: 211232 | F134: 24837 | G134: 0 | H134: 24876 | I134: =F134/$E134 -> 0.11758162 | J134: =G134/$E134 -> 0 | K134: =H134/$E134 -> 0.11776625 | L134: -1359096.5 | M134: 17112985 | N134: -1925739.3 | O134: 47536168 | P134: =ABS(L134/M134) -> 0.079419016 | Q134: =ABS(N134/O134) -> 0.040511034
A135: 3927600 | B135: 488747 | C135: Address 134 | D135: Region 1 | E135: 194874 | F135: 31780 | G135: 2186 | H135: 17735 | I135: =F135/$E135 -> 0.16307973 | J135: =G135/$E135 -> 0.011217505 | K135: =H135/$E135 -> 0.091007523 | L135: -1272693.7 | M135: 11470389 | N135: -1503461.6 | O135: 18339729 | P135: =ABS(L135/M135) -> 0.11095471 | Q135: =ABS(N135/O135) -> 0.081978399
A136: 3928700 | B136: 338462 | C136: Address 135 | D136: Region 2 | E136: 288127 | F136: 40565 | G136: 7382 | H136: 21785 | I136: =F136/$E136 -> 0.14078861 | J136: =G136/$E136 -> 0.025620646 | K136: =H136/$E136 -> 0.07560902 | L136: -3975211.6 | M136: 22555834 | N136: -919560.9 | O136: 33950981 | P136: =ABS(L136/M136) -> 0.17623873 | Q136: =ABS(N136/O136) -> 0.027084958
A137: 3929800 | B137: 533204 | C137: Address 136 | D137: Region 2 | E137: 276592 | F137: 51561 | G137: 10043 | H137: 36301 | I137: =F137/$E137 -> 0.18641537 | J137: =G137/$E137 -> 0.036309799 | K137: =H137/$E137 -> 0.13124385 | L137: -4438976 | M137: 33275301 | N137: -1147473.7 | O137: 40587945 | P137: =ABS(L137/M137) -> 0.13340153 | Q137: =ABS(N137/O137) -> 0.028271293
A138: 4116400 | B138: 625715 | C138: Address 137 | D138: Region 1 | E138: 230289 | F138: 32507 | G138: 3376 | H138: 20505 | I138: =F138/$E138 -> 0.14115742 | J138: =G138/$E138 -> 0.01465984 | K138: =H138/$E138 -> 0.089040293 | L138: -1938233.8 | M138: 15603162 | N138: -1530746.6 | O138: 30790586 | P138: =ABS(L138/M138) -> 0.12422058 | Q138: =ABS(N138/O138) -> 0.049714761
A139: 4490000 | B139: 897525 | C139: Address 138 | D139: Region 1 | E139: 152022 | F139: 22320 | G139: 1260 | H139: 11526 | I139: =F139/$E139 -> 0.14682085 | J139: =G139/$E139 -> 0.0082882741 | K139: =H139/$E139 -> 0.075817974 | L139: -1352308.9 | M139: 8832414.7 | N139: -2121693.2 | O139: 16626217 | P139: =ABS(L139/M139) -> 0.15310749 | Q139: =ABS(N139/O139) -> 0.1276113
A140: 4496300 | B140: 762017 | C140: Address 139 | D140: Region 1 | E140: 256006 | F140: 26666 | G140: 1950 | H140: 22367 | I140: =F140/$E140 -> 0.10416162 | J140: =G140/$E140 -> 0.007617009 | K140: =H140/$E140 -> 0.087369046 | L140: -936766.22 | M140: 15831993 | N140: -1013507.4 | O140: 27662050 | P140: =ABS(L140/M140) -> 0.059169192 | Q140: =ABS(N140/O140) -> 0.036638913
A141: 4498500 | B141: 989238 | C141: Address 140 | D141: Region 2 | E141: 207474 | F141: 34847 | G141: 4557 | H141: 28806 | I141: =F141/$E141 -> 0.16795839 | J141: =G141/$E141 -> 0.021964198 | K141: =H141/$E141 -> 0.13884149 | L141: -2719793.9 | M141: 23571885 | N141: -691993.96 | O141: 34346238 | P141: =ABS(L141/M141) -> 0.11538296 | Q141: =ABS(N141/O141) -> 0.020147591
... A158: 4690600 | B158: 1057451 | C158: Address 157 | D158: Region 1 | E158: 205739 | F158: 33716 | G158: 0 | H158: 24904 | I158: =F158/$E158 -> 0.16387753 | J158: =G158/$E158 -> 0 | K158: =H158/$E158 -> 0.12104657 | L158: -1270846.9 | M158: 15259696 | N158: -2013870.9 | O158: 18844880 | P158: =ABS(L158/M158) -> 0.083281272 | Q158: =ABS(N158/O158) -> 0.10686568
A159: 4693900 | B159: 338875 | C159: Address 158 | D159: Region 12 | E159: 123341 | F159: 4305 | G159: 0 | H159: 0 | I159: =F159/$E159 -> 0.034903236 | J159: =G159/$E159 -> 0 | K159: =H159/$E159 -> 0 | L159: -68015.748 | M159: 3956.6956 | N159: -354023.11 | O159: 9446183.1 | P159: 0 | Q159: =ABS(N159/O159) -> 0.0374779
A160: 4695000 | B160: 496351 | C160: Address 159 | D160: Region 1 | E160: 114803 | F160: 14342 | G160: 0 | H160: 14508 | I160: =F160/$E160 -> 0.12492705 | J160: =G160/$E160 -> 0 | K160: =H160/$E160 -> 0.126373 | L160: -677075.24 | M160: 9014441.1 | N160: -803461.15 | O160: 24075862 | P160: =ABS(L160/M160) -> 0.075110063 | Q160: =ABS(N160/O160) -> 0.033372062
A161: 4695200 | B161: 276421 | C161: Address 160 | D161: Region 1 | E161: 234812 | F161: 29060 | G161: 54 | H161: 17928 | I161: =F161/$E161 -> 0.12375858 | J161: =G161/$E161 -> 0.00022997121 | K161: =H161/$E161 -> 0.076350442 | L161: -1544844.3 | M161: 12958177 | N161: -1384691.7 | O161: 28430894 | P161: =ABS(L161/M161) -> 0.11921772 | Q161: =ABS(N161/O161) -> 0.048703768
A162: 4700200 | B162: 530181 | C162: Address 161 | D162: Region 2 | E162: 229933 | F162: 34834 | G162: 4135 | H162: 21099 | I162: =F162/$E162 -> 0.15149631 | J162: =G162/$E162 -> 0.0179835 | K162: =H162/$E162 -> 0.091761513 | L162: -2626471.1 | M162: 17352487 | N162: -1266604 | O162: 17006630 | P162: =ABS(L162/M162) -> 0.15135992 | Q162: =ABS(N162/O162) -> 0.074477072
A163: 4703500 | B163: 275128 | C163: Address 162 | D163: Region 12 | E163: 76347 | F163: 2429 | G163: 0 | H163: 0 | I163: =F163/$E163 -> 0.031815265 | J163: =G163/$E163 -> 0 | K163: =H163/$E163 -> 0 | L163: -94660.582 | M163: 0 | N163: -260296.43 | O163: 7660433 | P163: 0 | Q163: =ABS(N163/O163) -> 0.033979337
A164: 4705400 | B164: 861319 | C164: Address 163 | D164: Region 1 | E164: 195589 | F164: 25783 | G164: 2497 | H164: 22005 | I164: =F164/$E164 -> 0.13182234 | J164: =G164/$E164 -> 0.012766567 | K164: =H164/$E164 -> 0.11250633 | L164: -1805647.4 | M164: 16997074 | N164: -1345388.4 | O164: 36366459 | P164: =ABS(L164/M164) -> 0.10623284 | Q164: =ABS(N164/O164) -> 0.03699531
A165: 4707600 | B165: 386496 | C165: Address 164 | D165: Region 2 | E165: 274909 | F165: 39267 | G165: 7971 | H165: 36943 | I165: =F165/$E165 -> 0.14283636 | J165: =G165/$E165 -> 0.028995049 | K165: =H165/$E165 -> 0.13438265 | L165: -3716668.1 | M165: 32008750 | N165: -610245.05 | O165: 59188384 | P165: =ABS(L165/M165) -> 0.11611413 | Q165: =ABS(N165/O165) -> 0.010310216
A166: 4710900 | B166: 347648 | C166: Address 165 | D166: Region 2 | E166: 175696 | F166: 20277 | G166: 3336 | H166: 17062 | I166: =F166/$E166 -> 0.11540957 | J166: =G166/$E166 -> 0.018987342 | K166: =H166/$E166 -> 0.097110919 | L166: -2549842.6 | M166: 15278116 | N166: -1209409.4 | O166: 13963166 | P166: =ABS(L166/M166) -> 0.1668951 | Q166: =ABS(N166/O166) -> 0.086614268
A167: 4713100 | B167: 545903 | C167: Address 166 | D167: Region 2 | E167: 212207 | F167: 30946 | G167: 7394 | H167: 29437 | I167: =F167/$E167 -> 0.14582931 | J167: =G167/$E167 -> 0.034843337 | K167: =H167/$E167 -> 0.13871833 | L167: -2213838.9 | M167: 25205444 | N167: -510609.84 | O167: 30257315 | P167: =ABS(L167/M167) -> 0.087831776 | Q167: =ABS(N167/O167) -> 0.016875583
A168: 4779100 | B168: 397475 | C168: Address 167 | D168: Region 2 | E168: 286788 | F168: 59301 | G168: 8883 | H168: 40470 | I168: =F168/$E168 -> 0.20677643 | J168: =G168/$E168 -> 0.030974099 | K168: =H168/$E168 -> 0.14111469 | L168: -2333236 | M168: 36206991 | N168: -1665533.5 | O168: 49565278 | P168: =ABS(L168/M168) -> 0.064441588 | Q168: =ABS(N168/O168) -> 0.033602827
A169: 4779500 | B169: 800929 | C169: Address 168 | D169: Region 2 | E169: 293904 | F169: 65786 | G169: 10206 | H169: 37428 | I169: =F169/$E169 -> 0.22383499 | J169: =G169/$E169 -> 0.034725625 | K169: =H169/$E169 -> 0.12734771 | L169: -3985681.4 | M169: 32426600 | N169: -1176133.1 | O169: 58601781 | P169: =ABS(L169/M169) -> 0.12291395 | Q169: =ABS(N169/O169) -> 0.020069921
A170: 4790900 | B170: 591641 | C170: Address 169 | D170: Region 1 | E170: 228738 | F170: 34748 | G170: 2147 | H170: 25424 | I170: =F170/$E170 -> 0.15191179 | J170: =G170/$E170 -> 0.0093862847 | K170: =H170/$E170 -> 0.111149 | L170: -904010.54 | M170: 18605436 | N170: -650626.87 | O170: 26480876 | P170: =ABS(L170/M170) -> 0.048588516 | Q170: =ABS(N170/O170) -> 0.024569688
A171: 4793500 | B171: 772904 | C171: Address 170 | D171: Region 2 | E171: 275603 | F171: 32576 | G171: 6577 | H171: 27689 | I171: =F171/$E171 -> 0.118199 | J171: =G171/$E171 -> 0.023864036 | K171: =H171/$E171 -> 0.10046698 | L171: -3147531.3 | M171: 24690433 | N171: -2717204.9 | O171: 34743029 | P171: =ABS(L171/M171) -> 0.12747979 | Q171: =ABS(N171/O171) -> 0.078208635
A172: 4796200 | B172: 400002 | C172: Address 171 | D172: Region 2 | E172: 130965 | F172: 39035 | G172: 7411 | H172: 32751 | I172: =F172/$E172 -> 0.29805673 | J172: =G172/$E172 -> 0.056587638 | K172: =H172/$E172 -> 0.25007445 | L172: -2791616.3 | M172: 37899299 | N172: -1606145.9 | O172: 54214401 | P172: =ABS(L172/M172) -> 0.073658783 | Q172: =ABS(N172/O172) -> 0.029625816
A173: 4796300 | B173: 415162 | C173: Address 172 | D173: Region 2 | E173: 174226 | F173: 64260 | G173: 10699 | H173: 44334 | I173: =F173/$E173 -> 0.36883129 | J173: =G173/$E173 -> 0.061408745 | K173: =H173/$E173 -> 0.25446259 | L173: -3169872.5 | M173: 53890436 | N173: -1582744.3 | O173: 74055474 | P173: =ABS(L173/M173) -> 0.058820687 | Q173: =ABS(N173/O173) -> 0.021372415
A174: 4797200 | B174: 490460 | C174: Address 173 | D174: Region 12 | E174: 95135 | F174: 10856 | G174: 0 | H174: 12588 | I174: =F174/$E174 -> 0.11411153 | J174: =G174/$E174 -> 0 | K174: =H174/$E174 -> 0.13231723 | L174: -949794.35 | M174: 8528057.3 | N174: -2045895.4 | O174: 14031844 | P174: =ABS(L174/M174) -> 0.11137289 | Q174: =ABS(N174/O174) -> 0.14580374
A175: 4798300 | B175: 328568 | C175: Address 174 | D175: Region 2 | E175: 153035 | F175: 22420 | G175: 4638 | H175: 13451 | I175: =F175/$E175 -> 0.14650243 | J175: =G175/$E175 -> 0.030306793 | K175: =H175/$E175 -> 0.087894926 | L175: -2852796.3 | M175: 14491477 | N175: -1316923.9 | O175: 18848971 | P175: =ABS(L175/M175) -> 0.19686029 | Q175: =ABS(N175/O175) -> 0.069867149
... A188: 5485400 | B188: 359593 | C188: Address 187 | D188: Region 1 | E188: 154738 | F188: 20104 | G188: 1610 | H188: 16722 | I188: =F188/$E188 -> 0.12992284 | J188: =G188/$E188 -> 0.010404684 | K188: =H188/$E188 -> 0.10806654 | L188: -1332066.2 | M188: 12232108 | N188: -2584290.8 | O188: 13607968 | P188: =ABS(L188/M188) -> 0.10889916 | Q188: =ABS(N188/O188) -> 0.18991012
A189: 5492000 | B189: 271087 | C189: Address 188 | D189: Region 12 | E189: 58686 | F189: 1645 | G189: 0 | H189: 0 | I189: =F189/$E189 -> 0.028030535 | J189: =G189/$E189 -> 0 | K189: =H189/$E189 -> 0 | L189: 0 | M189: 0 | N189: -103310.29 | O189: 2402471 | P189: 0 | Q189: =ABS(N189/O189) -> 0.04300168
A190: 5494200 | B190: 777672 | C190: Address 189 | D190: Region 1 | E190: 196902 | F190: 17603 | G190: 1575 | H190: 20488 | I190: =F190/$E190 -> 0.089399803 | J190: =G190/$E190 -> 0.007998903 | K190: =H190/$E190 -> 0.10405176 | L190: -1314849 | M190: 14939684 | N190: -1396697.5 | O190: 20486150 | P190: =ABS(L190/M190) -> 0.088010501 | Q190: =ABS(N190/O190) -> 0.068177643
A191: 5495200 | B191: 869798 | C191: Address 190 | D191: Region 2 | E191: 224833 | F191: 39269 | G191: 7255 | H191: 40292 | I191: =F191/$E191 -> 0.17465852 | J191: =G191/$E191 -> 0.032268395 | K191: =H191/$E191 -> 0.17920857 | L191: -3584402.6 | M191: 36438996 | N191: -1734673.1 | O191: 36812507 | P191: =ABS(L191/M191) -> 0.098367215 | Q191: =ABS(N191/O191) -> 0.047121842
A192: 5501200 | B192: 943778 | C192: Address 191 | D192: Region 12 | E192: 159946 | F192: 5088 | G192: 0 | H192: 0 | I192: =F192/$E192 -> 0.031810736 | J192: =G192/$E192 -> 0 | K192: =H192/$E192 -> 0 | L192: -7524.4093 | M192: 0 | N192: -119179.01 | O192: 11600499 | P192: 0 | Q192: =ABS(N192/O192) -> 0.010273611
A193: 5504900 | B193: 1043618 | C193: Address 192 | D193: Region 2 | E193: 160981 | F193: 19254 | G193: 11088 | H193: 25614 | I193: =F193/$E193 -> 0.11960418 | J193: =G193/$E193 -> 0.068877694 | K193: =H193/$E193 -> 0.15911194 | L193: -2221319.3 | M193: 25518662 | N193: -364775.24 | O193: 26422474 | P193: =ABS(L193/M193) -> 0.087046854 | Q193: =ABS(N193/O193) -> 0.013805491
A194: 5507900 | B194: 295090 | C194: Address 193 | D194: Region 2 | E194: 291451 | F194: 46863 | G194: 10902 | H194: 46589 | I194: =F194/$E194 -> 0.16079204 | J194: =G194/$E194 -> 0.037405945 | K194: =H194/$E194 -> 0.15985191 | L194: -2781816.8 | M194: 43551336 | N194: -1816449.8 | O194: 45325934 | P194: =ABS(L194/M194) -> 0.063874432 | Q194: =ABS(N194/O194) -> 0.040075286
A195: 5510100 | B195: 1008183 | C195: Address 194 | D195: Region 2 | E195: 211792 | F195: 19328 | G195: 4825 | H195: 21177 | I195: =F195/$E195 -> 0.091259349 | J195: =G195/$E195 -> 0.022781786 | K195: =H195/$E195 -> 0.099989612 | L195: -2115273.2 | M195: 17290402 | N195: -2134159.1 | O195: 20350009 | P195: =ABS(L195/M195) -> 0.122338 | Q195: =ABS(N195/O195) -> 0.10487263
A196: 5510500 | B196: 563855 | C196: Address 195 | D196: Region 2 | E196: 153170 | F196: 16571 | G196: 1878 | H196: 13670 | I196: =F196/$E196 -> 0.10818698 | J196: =G196/$E196 -> 0.012260887 | K196: =H196/$E196 -> 0.089247242 | L196: -3017280 | M196: 11260724 | N196: -1583115.1 | O196: 12572837 | P196: =ABS(L196/M196) -> 0.26794726 | Q196: =ABS(N196/O196) -> 0.12591551
...

Sheet Category Averages
A1: Category | B1: Coffee | C1: Sandwich | D1: Hot-Dog | E1: Gastro Waste | F1: Drygoods Waste
A2: {=_xlfn.UNIQUE('Data 2024'!D2:D380)} -> Region 1 | B2: =AVERAGEIFS('Data 2024'!I:I,'Data 2024'!$D:$D,$A2) -> 0.12593511 | C2: =AVERAGEIFS('Data 2024'!J:J,'Data 2024'!$D:$D,$A2) -> 0.0086204905 | D2: =AVERAGEIFS('Data 2024'!K:K,'Data 2024'!$D:$D,$A2) -> 0.12149039 | E2: =AVERAGEIFS('Data 2024'!P:P,'Data 2024'!$D:$D,$A2) -> 0.097515356 | F2: =AVERAGEIFS('Data 2024'!Q:Q,'Data 2024'!$D:$D,$A2) -> 0.061319598
A3: Region 2 | B3: =AVERAGEIFS('Data 2024'!I:I,'Data 2024'!$D:$D,$A3) -> 0.16655609 | C3: =AVERAGEIFS('Data 2024'!J:J,'Data 2024'!$D:$D,$A3) -> 0.033123757 | D3: =AVERAGEIFS('Data 2024'!K:K,'Data 2024'!$D:$D,$A3) -> 0.1465202 | E3: =AVERAGEIFS('Data 2024'!P:P,'Data 2024'!$D:$D,$A3) -> 0.12460792 | F3: =AVERAGEIFS('Data 2024'!Q:Q,'Data 2024'!$D:$D,$A3) -> 0.045521278
A4: Region 12 | B4: =AVERAGEIFS('Data 2024'!I:I,'Data 2024'!$D:$D,$A4) -> 0.073679815 | C4: =AVERAGEIFS('Data 2024'!J:J,'Data 2024'!$D:$D,$A4) -> 0 | D4: =AVERAGEIFS('Data 2024'!K:K,'Data 2024'!$D:$D,$A4) -> 0.045669203 | E4: =AVERAGEIFS('Data 2024'!P:P,'Data 2024'!$D:$D,$A4) -> 0.23299057 | F4: =AVERAGEIFS('Data 2024'!Q:Q,'Data 2024'!$D:$D,$A4) -> 0.06748992

Sheet Segédtábla, Szűrt Adatok
A1: Kútkód | B1: Cím
A2: 11012 | B2: Budapest, Mészáros u. 19. (I.) | C2: {=_xlfn._xlws.SORT(_xlfn.UNIQUE(_xlfn._xlws.FILTER('Data 2024'!C2:C380, ISNUMBER(SEARCH(Riport!#REF!,'Data 2024'!C2:C380)), "Nem elérhető")),,1)} -> Nem elérhető
A3: 11045 | B3: Budapest, Árpád fejedelem út 103. (III.)
A4: 11215 | B4: Budapest, Napfény u. 26. (IX.)
A5: 11311 | B5: Budapest, Istenhegyi u. 45-47. (XII.)
A6: 11399 | B6: Budapest, Róna u. 170. (XIV.)
A7: 11514 | B7: Budapest, Kossuth L. u. 3. (XXI.)
A8: 11761 | B8: Budapest, Pap Károly u. (XIII.)
A9: 11783 | B9: Budapest, Pesti út. 5. (XVII.)
A10: 11800 | B10: Budapest, Borszéki u.
A11: 12063 | B11: Budapest, Vágány u. 21. (XIV.)
A12: 12070 | B12: Budapest, Irinyi u. 45. (XI.)
A13: 12081 | B13: Budapest, Mozaik u.3. (III.)
A14: 12092 | B14: Budapest, Ócsai u. kimenő (XXIII.)
... A380: 45169 | B380: Szabadszállás, Petőfi Sándor út 19.

Sheet Riport
A1: SES Code: | C1: 2506300 | E1: Business Performance Indicator | M1: d
A2: SES Region: | C2: {=Kút_kategóriája} -> Region 2
A3: Partner: | C3: =_xlfn.XLOOKUP(Kútkód,'Data for individual SES'!A:A,'Data for individual SES'!F:F) -> Partner 4
C4: Relative Measures
D7: Quantities | E7: Coffee | F7: Sandwich | G7: Hot-Dog | H7: Gastro Waste | I7: Drygoods Waste
D8: Actual | E8: =_xlfn.XLOOKUP(Kútkód,'Data 2024'!$A2:$A380,'Data 2024'!$I2:$I380) -> 0.11895077 | F8: =_xlfn.XLOOKUP(Kútkód,'Data 2024'!$A2:$A380,'Data 2024'!$J2:$J380) -> 0.022668315 | G8: =_xlfn.XLOOKUP(Kútkód,'Data 2024'!$A2:$A380,'Data 2024'!$K2:$K380) -> 0.11787734 | H8: =_xlfn.XLOOKUP(Kútkód,'Data 2024'!$A2:$A380,'Data 2024'!P2:P380) -> 0.13484369 | I8: =_xlfn.XLOOKUP(Kútkód,'Data 2024'!$A2:$A380,'Data 2024'!Q2:Q380) -> 0.022576637
D9: Category Average | E9: {=AVERAGEIFS('Data 2024'!$I2:$I380,'Data 2024'!$D$2:$D$380,Kút_kategóriája)} -> 0.16655609 | F9: {=AVERAGEIFS('Data 2024'!$J2:$J380,'Data 2024'!$D$2:$D$380,Kút_kategóriája)} -> 0.033123757 | G9: {=AVERAGEIFS('Data 2024'!$K2:$K380,'Data 2024'!$D$2:$D$380,Kút_kategóriája)} -> 0.1465202 | H9: {=AVERAGEIFS('Data 2024'!$P2:$P380,'Data 2024'!$D$2:$D$380,Kút_kategóriája)} -> 0.12460792 | I9: {=AVERAGEIFS('Data 2024'!$Q2:$Q380,'Data 2024'!$D$2:$D$380,Kút_kategóriája)} -> 0.045521278
D10: Actual/Category Average % | E10: =E8/E9 -> 0.71417846 | F10: =F8/F9 -> 0.68435218 | G10: =G8/G9 -> 0.80451256 | H10: =H8/H9 -> 1.0821438 | I10: =I8/I9 -> 0.49595789

Sheet Data for individual SES
A1: SES Code | B1: Kategória | C1: Service Enabling System Address | D1: Regional Manager | E1: Area Manager | F1: Partner Name | G1: Coffee / Category Quotient % | H1: Sandwich / Category Quotient % | I1: Hot-Dog / Category Difference % | J1: Gastro Waste / Category Difference % | K1: Drygoods / Category Difference %
A2: 2476400 | B2: =_xlfn.XLOOKUP(A2,'Data 2024'!A:A,'Data 2024'!D:D) -> Region 1 | C2: SES Address 1 | D2: Regional Manager 1 | E2: Area Manager 1 | F2: Partner 1 | G2: =_xlfn.XLOOKUP($A2,'Data 2024'!$A:$A,'Data 2024'!I:I)/_xlfn.XLOOKUP($B2,'Category Averages'!$A$2:$A$4,'Category Averages'!$B$2:$B$4) -> 0.58523612 | H2: =_xlfn.XLOOKUP($A2,'Data 2024'!$A:$A,'Data 2024'!J:J)/_xlfn.XLOOKUP($B2,'Category Averages'!$A$2:$A$4,'Category Averages'!C$2:C$4) -> 0 | I2: =_xlfn.XLOOKUP($A2,'Data 2024'!$A:$A,'Data 2024'!K:K)/_xlfn.XLOOKUP($B2,'Category Averages'!$A$2:$A$4,'Category Averages'!D$2:D$4) -> 0.80169363 | J2: =_xlfn.XLOOKUP($A2,'Data 2024'!$A:$A,'Data 2024'!P:P)/_xlfn.XLOOKUP($B2,'Category Averages'!$A$2:$A$4,'Category Averages'!E$2:E$4) -> 0.67081789 | K2: =_xlfn.XLOOKUP($A2,'Data 2024'!$A:$A,'Data 2024'!Q:Q)/_xlfn.XLOOKUP($B2,'Category Averages'!$A$2:$A$4,'Category Averages'!F$2:F$4) -> 0.60320768
A3: 2479700 | B3: =_xlfn.XLOOKUP(A3,'Data 2024'!A:A,'Data 2024'!D:D) -> Region 2 | C3: SES Address 2 | D3: Regional Manager 1 | E3: Area Manager 1 | F3: Partner 2 | G3: =_xlfn.XLOOKUP($A3,'Data 2024'!$A:$A,'Data 2024'!I:I)/_xlfn.XLOOKUP($B3,'Category Averages'!$A$2:$A$4,'Category Averages'!$B$2:$B$4) -> 0.39770395 | H3: =_xlfn.XLOOKUP($A3,'Data 2024'!$A:$A,'Data 2024'!J:J)/_xlfn.XLOOKUP($B3,'Category Averages'!$A$2:$A$4,'Category Averages'!C$2:C$4) -> 0.42224032 | I3: =_xlfn.XLOOKUP($A3,'Data 2024'!$A:$A,'Data 2024'!K:K)/_xlfn.XLOOKUP($B3,'Category Averages'!$A$2:$A$4,'Category Averages'!D$2:D$4) -> 0.55217955 | J3: =_xlfn.XLOOKUP($A3,'Data 2024'!$A:$A,'Data 2024'!P:P)/_xlfn.XLOOKUP($B3,'Category Averages'!$A$2:$A$4,'Category Averages'!E$2:E$4) -> 1.6126775 | K3: =_xlfn.XLOOKUP($A3,'Data 2024'!$A:$A,'Data 2024'!Q:Q)/_xlfn.XLOOKUP($B3,'Category Averages'!$A$2:$A$4,'Category Averages'!F$2:F$4) -> 1.2572401
A4: 2496700 | B4: =_xlfn.XLOOKUP(A4,'Data 2024'!A:A,'Data 2024'!D:D) -> Region 1 | C4: SES Address 3 | D4: Regional Manager 1 | E4: Area Manager 3 | F4: Partner 3 | G4: =_xlfn.XLOOKUP($A4,'Data 2024'!$A:$A,'Data 2024'!I:I)/_xlfn.XLOOKUP($B4,'Category Averages'!$A$2:$A$4,'Category Averages'!$B$2:$B$4) -> 0.87903743 | H4: =_xlfn.XLOOKUP($A4,'Data 2024'!$A:$A,'Data 2024'!J:J)/_xlfn.XLOOKUP($B4,'Category Averages'!$A$2:$A$4,'Category Averages'!C$2:C$4) -> 2.0689238 | I4: =_xlfn.XLOOKUP($A4,'Data 2024'!$A:$A,'Data 2024'!K:K)/_xlfn.XLOOKUP($B4,'Category Averages'!$A$2:$A$4,'Category Averages'!D$2:D$4) -> 0.8882162 | J4: =_xlfn.XLOOKUP($A4,'Data 2024'!$A:$A,'Data 2024'!P:P)/_xlfn.XLOOKUP($B4,'Category Averages'!$A$2:$A$4,'Category Averages'!E$2:E$4) -> 0.72566762 | K4: =_xlfn.XLOOKUP($A4,'Data 2024'!$A:$A,'Data 2024'!Q:Q)/_xlfn.XLOOKUP($B4,'Category Averages'!$A$2:$A$4,'Category Averages'!F$2:F$4) -> 0.79510479
A5: 2506300 | B5: =_xlfn.XLOOKUP(A5,'Data 2024'!A:A,'Data 2024'!D:D) -> Region 2 | C5: SES Address 4 | D5: Regional Manager 1 | E5: Area Manager 1 | F5: Partner 4 | G5: =_xlfn.XLOOKUP($A5,'Data 2024'!$A:$A,'Data 2024'!I:I)/_xlfn.XLOOKUP($B5,'Category Averages'!$A$2:$A$4,'Category Averages'!$B$2:$B$4) -> 0.71417846 | H5: =_xlfn.XLOOKUP($A5,'Data 2024'!$A:$A,'Data 2024'!J:J)/_xlfn.XLOOKUP($B5,'Category Averages'!$A$2:$A$4,'Category Averages'!C$2:C$4) -> 0.68435218 | I5: =_xlfn.XLOOKUP($A5,'Data 2024'!$A:$A,'Data 2024'!K:K)/_xlfn.XLOOKUP($B5,'Category Averages'!$A$2:$A$4,'Category Averages'!D$2:D$4) -> 0.80451256 | J5: =_xlfn.XLOOKUP($A5,'Data 2024'!$A:$A,'Data 2024'!P:P)/_xlfn.XLOOKUP($B5,'Category Averages'!$A$2:$A$4,'Category Averages'!E$2:E$4) -> 1.0821438 | K5: =_xlfn.XLOOKUP($A5,'Data 2024'!$A:$A,'Data 2024'!Q:Q)/_xlfn.XLOOKUP($B5,'Category Averages'!$A$2:$A$4,'Category Averages'!F$2:F$4) -> 0.49595789
A6: 2515100 | B6: =_xlfn.XLOOKUP(A6,'Data 2024'!A:A,'Data 2024'!D:D) -> Region 2 | C6: SES Address 5 | D6: Regional Manager 1 | E6: Area Manager 1 | F6: Partner 5 | G6: =_xlfn.XLOOKUP($A6,'Data 2024'!$A:$A,'Data 2024'!I:I)/_xlfn.XLOOKUP($B6,'Category Averages'!$A$2:$A$4,'Category Averages'!$B$2:$B$4) -> 0.74493255 | H6: =_xlfn.XLOOKUP($A6,'Data 2024'!$A:$A,'Data 2024'!J:J)/_xlfn.XLOOKUP($B6,'Category Averages'!$A$2:$A$4,'Category Averages'!C$2:C$4) -> 1.0080492 | I6: =_xlfn.XLOOKUP($A6,'Data 2024'!$A:$A,'Data 2024'!K:K)/_xlfn.XLOOKUP($B6,'Category Averages'!$A$2:$A$4,'Category Averages'!D$2:D$4) -> 0.75819399 | J6: =_xlfn.XLOOKUP($A6,'Data 2024'!$A:$A,'Data 2024'!P:P)/_xlfn.XLOOKUP($B6,'Category Averages'!$A$2:$A$4,'Category Averages'!E$2:E$4) -> 1.0896143 | K6: =_xlfn.XLOOKUP($A6,'Data 2024'!$A:$A,'Data 2024'!Q:Q)/_xlfn.XLOOKUP($B6,'Category Averages'!$A$2:$A$4,'Category Averages'!F$2:F$4) -> 0.71751454
A7: 2526600 | B7: =_xlfn.XLOOKUP(A7,'Data 2024'!A:A,'Data 2024'!D:D) -> Region 1 | C7: SES Address 6 | D7: Regional Manager 1 | E7: Area Manager 6 | F7: Partner 6 | G7: =_xlfn.XLOOKUP($A7,'Data 2024'!$A:$A,'Data 2024'!I:I)/_xlfn.XLOOKUP($B7,'Category Averages'!$A$2:$A$4,'Category Averages'!$B$2:$B$4) -> 0.81929388 | H7: =_xlfn.XLOOKUP($A7,'Data 2024'!$A:$A,'Data 2024'!J:J)/_xlfn.XLOOKUP($B7,'Category Averages'!$A$2:$A$4,'Category Averages'!C$2:C$4) -> 1.3475493 | I7: =_xlfn.XLOOKUP($A7,'Data 2024'!$A:$A,'Data 2024'!K:K)/_xlfn.XLOOKUP($B7,'Category Averages'!$A$2:$A$4,'Category Averages'!D$2:D$4) -> 1.2209776 | J7: =_xlfn.XLOOKUP($A7,'Data 2024'!$A:$A,'Data 2024'!P:P)/_xlfn.XLOOKUP($B7,'Category Averages'!$A$2:$A$4,'Category Averages'!E$2:E$4) -> 1.4715635 | K7: =_xlfn.XLOOKUP($A7,'Data 2024'!$A:$A,'Data 2024'!Q:Q)/_xlfn.XLOOKUP($B7,'Category Averages'!$A$2:$A$4,'Category Averages'!F$2:F$4) -> 2.0838197
A8: 2551300 | B8: =_xlfn.XLOOKUP(A8,'Data 2024'!A:A,'Data 2024'!D:D) -> Region 1 | C8: SES Address 7 | D8: Regional Manager 1 | E8: Area Manager 1 | F8: Partner 5 | G8: =_xlfn.XLOOKUP($A8,'Data 2024'!$A:$A,'Data 2024'!I:I)/_xlfn.XLOOKUP($B8,'Category Averages'!$A$2:$A$4,'Category Averages'!$B$2:$B$4) -> 0.68165046 | H8: =_xlfn.XLOOKUP($A8,'Data 2024'!$A:$A,'Data 2024'!J:J)/_xlfn.XLOOKUP($B8,'Category Averages'!$A$2:$A$4,'Category Averages'!C$2:C$4) -> 1.4953621 | I8: =_xlfn.XLOOKUP($A8,'Data 2024'!$A:$A,'Data 2024'!K:K)/_xlfn.XLOOKUP($B8,'Category Averages'!$A$2:$A$4,'Category Averages'!D$2:D$4) -> 1.069156 | J8: =_xlfn.XLOOKUP($A8,'Data 2024'!$A:$A,'Data 2024'!P:P)/_xlfn.XLOOKUP($B8,'Category Averages'!$A$2:$A$4,'Category Averages'!E$2:E$4) -> 1.150519 | K8: =_xlfn.XLOOKUP($A8,'Data 2024'!$A:$A,'Data 2024'!Q:Q)/_xlfn.XLOOKUP($B8,'Category Averages'!$A$2:$A$4,'Category Averages'!F$2:F$4) -> 1.4593337
A9: 2553500 | B9: =_xlfn.XLOOKUP(A9,'Data 2024'!A:A,'Data 2024'!D:D) -> Region 2 | C9: SES Address 8 | D9: Regional Manager 1 | E9: Area Manager 1 | F9: Partner 8 | G9: =_xlfn.XLOOKUP($A9,'Data 2024'!$A:$A,'Data 2024'!I:I)/_xlfn.XLOOKUP($B9,'Category Averages'!$A$2:$A$4,'Category Averages'!$B$2:$B$4) -> 0.49180404 | H9: =_xlfn.XLOOKUP($A9,'Data 2024'!$A:$A,'Data 2024'!J:J)/_xlfn.XLOOKUP($B9,'Category Averages'!$A$2:$A$4,'Category Averages'!C$2:C$4) -> 0.61315309 | I9: =_xlfn.XLOOKUP($A9,'Data 2024'!$A:$A,'Data 2024'!K:K)/_xlfn.XLOOKUP($B9,'Category Averages'!$A$2:$A$4,'Category Averages'!D$2:D$4) -> 0.79596412 | J9: =_xlfn.XLOOKUP($A9,'Data 2024'!$A:$A,'Data 2024'!P:P)/_xlfn.XLOOKUP($B9,'Category Averages'!$A$2:$A$4,'Category Averages'!E$2:E$4) -> 2.1544613 | K9: =_xlfn.XLOOKUP($A9,'Data 2024'!$A:$A,'Data 2024'!Q:Q)/_xlfn.XLOOKUP($B9,'Category Averages'!$A$2:$A$4,'Category Averages'!F$2:F$4) -> 2.5664315
A10: 2555200 | B10: =_xlfn.XLOOKUP(A10,'Data 2024'!A:A,'Data 2024'!D:D) -> Region 2 | C10: SES Address 9 | D10: Regional Manager 1 | E10: Area Manager 1 | F10: Partner 1 | G10: =_xlfn.XLOOKUP($A10,'Data 2024'!$A:$A,'Data 2024'!I:I)/_xlfn.XLOOKUP($B10,'Category Averages'!$A$2:$A$4,'Category Averages'!$B$2:$B$4) -> 0.63752893 | H10: =_xlfn.XLOOKUP($A10,'Data 2024'!$A:$A,'Data 2024'!J:J)/_xlfn.XLOOKUP($B10,'Category Averages'!$A$2:$A$4,'Category Averages'!C$2:C$4) -> 0.79281541 | I10: =_xlfn.XLOOKUP($A10,'Data 2024'!$A:$A,'Data 2024'!K:K)/_xlfn.XLOOKUP($B10,'Category Averages'!$A$2:$A$4,'Category Averages'!D$2:D$4) -> 0.95108514 | J10: =_xlfn.XLOOKUP($A10,'Data 2024'!$A:$A,'Data 2024'!P:P)/_xlfn.XLOOKUP($B10,'Category Averages'!$A$2:$A$4,'Category Averages'!E$2:E$4) -> 1.2641131 | K10: =_xlfn.XLOOKUP($A10,'Data 2024'!$A:$A,'Data 2024'!Q:Q)/_xlfn.XLOOKUP($B10,'Category Averages'!$A$2:$A$4,'Category Averages'!F$2:F$4) -> 3.3683939
A11: 2581500 | B11: =_xlfn.XLOOKUP(A11,'Data 2024'!A:A,'Data 2024'!D:D) -> Region 2 | C11: SES Address 10 | D11: Regional Manager 1 | E11: Area Manager 6 | F11: Partner 10 | G11: =_xlfn.XLOOKUP($A11,'Data 2024'!$A:$A,'Data 2024'!I:I)/_xlfn.XLOOKUP($B11,'Category Averages'!$A$2:$A$4,'Category Averages'!$B$2:$B$4) -> 0.64406222 | H11: =_xlfn.XLOOKUP($A11,'Data 2024'!$A:$A,'Data 2024'!J:J)/_xlfn.XLOOKUP($B11,'Category Averages'!$A$2:$A$4,'Category Averages'!C$2:C$4) -> 0.6322703 | I11: =_xlfn.XLOOKUP($A11,'Data 2024'!$A:$A,'Data 2024'!K:K)/_xlfn.XLOOKUP($B11,'Category Averages'!$A$2:$A$4,'Category Averages'!D$2:D$4) -> 1.1254496 | J11: =_xlfn.XLOOKUP($A11,'Data 2024'!$A:$A,'Data 2024'!P:P)/_xlfn.XLOOKUP($B11,'Category Averages'!$A$2:$A$4,'Category Averages'!E$2:E$4) -> 0.56468338 | K11: =_xlfn.XLOOKUP($A11,'Data 2024'!$A:$A,'Data 2024'!Q:Q)/_xlfn.XLOOKUP($B11,'Category Averages'!$A$2:$A$4,'Category Averages'!F$2:F$4) -> 0.66935252
A12: 2582200 | B12: =_xlfn.XLOOKUP(A12,'Data 2024'!A:A,'Data 2024'!D:D) -> Region 1 | C12: SES Address 11 | D12: Regional Manager 11 | E12: Area Manager 11 | F12: Partner 11 | G12: =_xlfn.XLOOKUP($A12,'Data 2024'!$A:$A,'Data 2024'!I:I)/_xlfn.XLOOKUP($B12,'Category Averages'!$A$2:$A$4,'Category Averages'!$B$2:$B$4) -> 0.73443709 | H12: =_xlfn.XLOOKUP($A12,'Data 2024'!$A:$A,'Data 2024'!J:J)/_xlfn.XLOOKUP($B12,'Category Averages'!$A$2:$A$4,'Category Averages'!C$2:C$4) -> 2.0352208 | I12: =_xlfn.XLOOKUP($A12,'Data 2024'!$A:$A,'Data 2024'!K:K)/_xlfn.XLOOKUP($B12,'Category Averages'!$A$2:$A$4,'Category Averages'!D$2:D$4) -> 1.2209557 | J12: =_xlfn.XLOOKUP($A12,'Data 2024'!$A:$A,'Data 2024'!P:P)/_xlfn.XLOOKUP($B12,'Category Averages'!$A$2:$A$4,'Category Averages'!E$2:E$4) -> 1.0557613 | K12: =_xlfn.XLOOKUP($A12,'Data 2024'!$A:$A,'Data 2024'!Q:Q)/_xlfn.XLOOKUP($B12,'Category Averages'!$A$2:$A$4,'Category Averages'!F$2:F$4) -> 0.86872596
A13: 2583300 | B13: =_xlfn.XLOOKUP(A13,'Data 2024'!A:A,'Data 2024'!D:D) -> Region 12 | C13: SES Address 12 | D13: Regional Manager 1 | E13: Area Manager 6 | F13: Partner 12 | G13: =_xlfn.XLOOKUP($A13,'Data 2024'!$A:$A,'Data 2024'!I:I)/_xlfn.XLOOKUP($B13,'Category Averages'!$A$2:$A$4,'Category Averages'!$B$2:$B$4) -> 1.5141456 | H13: =_xlfn.XLOOKUP($A13,'Data 2024'!$A:$A,'Data 2024'!J:J)/_xlfn.XLOOKUP($B13,'Category Averages'!$A$2:$A$4,'Category Averages'!C$2:C$4) -> #DIV/0! | I13: =_xlfn.XLOOKUP($A13,'Data 2024'!$A:$A,'Data 2024'!K:K)/_xlfn.XLOOKUP($B13,'Category Averages'!$A$2:$A$4,'Category Averages'!D$2:D$4) -> 0.50562644 | J13: =_xlfn.XLOOKUP($A13,'Data 2024'!$A:$A,'Data 2024'!P:P)/_xlfn.XLOOKUP($B13,'Category Averages'!$A$2:$A$4,'Category Averages'!E$2:E$4) -> 0.16314418 | K13: =_xlfn.XLOOKUP($A13,'Data 2024'!$A:$A,'Data 2024'!Q:Q)/_xlfn.XLOOKUP($B13,'Category Averages'!$A$2:$A$4,'Category Averages'!F$2:F$4) -> 0.31090684
... A382: 5892100 | B382: =_xlfn.XLOOKUP(A382,'Data 2024'!A:A,'Data 2024'!D:D) -> Region 2 | C382: SES Address 381 | D382: Regional Manager 33 | E382: Area Manager 36 | F382: Partner 229 | G382: =_xlfn.XLOOKUP($A382,'Data 2024'!$A:$A,'Data 2024'!I:I)/_xlfn.XLOOKUP($B382,'Category Averages'!$A$2:$A$4,'Category Averages'!$B$2:$B$4) -> 0 | H382: =_xlfn.XLOOKUP($A382,'Data 2024'!$A:$A,'Data 2024'!J:J)/_xlfn.XLOOKUP($B382,'Category Averages'!$A$2:$A$4,'Category Averages'!C$2:C$4) -> 0 | I382: =_xlfn.XLOOKUP($A382,'Data 2024'!$A:$A,'Data 2024'!K:K)/_xlfn.XLOOKUP($B382,'Category Averages'!$A$2:$A$4,'Category Averages'!D$2:D$4) -> 0 | J382: =_xlfn.XLOOKUP($A382,'Data 2024'!$A:$A,'Data 2024'!P:P)/_xlfn.XLOOKUP($B382,'Category Averages'!$A$2:$A$4,'Category Averages'!E$2:E$4) -> 0 | K382: =_xlfn.XLOOKUP($A382,'Data 2024'!$A:$A,'Data 2024'!Q:Q)/_xlfn.XLOOKUP($B382,'Category Averages'!$A$2:$A$4,'Category Averages'!F$2:F$4) -> 0.16913401

Sheet SÉM-Riport
A1: Kútkód: | C1: 467603 | E1: Business Performance Indicator
A2: Kút Kategóriája: | C2: {=Kút_kategóriája} -> #N/A
A3: Állomás neve: | C3: =_xlfn.XLOOKUP(Kútkód,'Data 2024'!B:B,'Data 2024'!C:C) -> #N/A
C4: Fajlagos Mennyiségek
D6: Mennyiségek | E6: Fajlagos Eladott Kávé Darabszám Összes Tranzakcióhoz | F6: Fajlagos Eladott Szendvics Darabszám Összes Tranzakcióhoz | G6: Fajlagos Eladott Hot-Dog Darabszám Összes Tranzakcióhoz | H6: Fajlagos Gasztró Selejt Darabszám Összes Tranzakcióhoz | I6: Fajlagos Szárazáru Selejt Összes Tranzakcióhoz
D7: Tény | E7: =_xlfn.XLOOKUP(Kútkód,'Data 2024'!$B2:$B380,'Data 2024'!$I2:$I380) -> #N/A | F7: =_xlfn.XLOOKUP(Kútkód,'Data 2024'!$B2:$B380,'Data 2024'!$J2:$J380) -> #N/A | G7: =_xlfn.XLOOKUP(Kútkód,'Data 2024'!$B2:$B380,'Data 2024'!$K2:$K380) -> #N/A | H7: =_xlfn.XLOOKUP(Kútkód,'Data 2024'!$B2:$B380,'Data 2024'!P2:P380) -> #N/A | I7: =_xlfn.XLOOKUP(Kútkód,'Data 2024'!$B2:$B380,'Data 2024'!Q2:Q380) -> #N/A
D8: Átlagos Tény Kategóriánként | E8: {=AVERAGEIFS('Data 2024'!$I2:$I380,'Data 2024'!$D$2:$D$380,Kút_kategóriája)} -> #DIV/0! | F8: {=AVERAGEIFS('Data 2024'!$J2:$J380,'Data 2024'!$D$2:$D$380,Kút_kategóriája)} -> #DIV/0! | G8: {=AVERAGEIFS('Data 2024'!$K2:$K380,'Data 2024'!$D$2:$D$380,Kút_kategóriája)} -> #DIV/0! | H8: {=AVERAGEIFS('Data 2024'!$P2:$P380,'Data 2024'!$D$2:$D$380,Kút_kategóriája)} -> #DIV/0! | I8: {=AVERAGEIFS('Data 2024'!$Q2:$Q380,'Data 2024'!$D$2:$D$380,Kút_kategóriája)} -> #DIV/0!
D9: Tény/Átlagos tény arány | E9: =E7/E8 -> #N/A | F9: =F7/F8 -> #N/A | G9: =G7/G8 -> #N/A | H9: =H7/H8 -> #N/A | I9: =I7/I8 -> #N/A
